<?xml version="1.0" encoding="UTF-8"?>
<teamcity-plugin xmlns:xsi="http://www.w3.org/2001/XMLSchema-instance" xsi:noNamespaceSchemaLocation="urn:shemas-jetbrains-com:teamcity-plugin-v1-xml">
  <info>
    <name>groovy-buildstep</name>
    <display-name>groovy-buildstep</display-name>
    <version>snapshot-20162804081428</version>
    <description>TBD</description>
    <download-url>TBD</download-url>
    <email>TBD</email>
    <vendor>
      <name>TBD</name>
      <url>TBD</url>
      <logo>TBD</logo>
    </vendor>
  </info>
  <deployment use-separate-classloader="true" />
</teamcity-plugin>
